
INSERT INTO company (name) VALUES 
('CLEVER NATION');

INSERT INTO audience (name) VALUES 
('1 кабінет'), 
('2 кабінет'),
('3 кабінет'),
('4 кабінет');

INSERT INTO teacher (first_name, last_name, birth_date) VALUES 
('Олена', 'Шашчак', '01.01.1984'), 
('Маряна', 'Семко', '01.01.1985'), 
('Тетяна', 'Кулик', '01.01.1986'), 
('Віра', 'Петреній', '01.01.1987'); 

INSERT INTO subject (name) VALUES 
('Читарика'), 
('Букварика'),
('Ліберика'),
('Англійська');

INSERT INTO gang (subject_id, teacher_id, name, description) VALUES
('1','1','Читарика-ОШ',' Олена Шашчак 8 учнів'),
('2','2','Букварика-МС',' Маряна Семко 8 учнів'),
('3','3','Ліберика-ТК',' Тетяна Кулик 8 учнів'),
('4','4','Англійська-ВП',' Віра Петреній 8 учнів');

INSERT INTO student (gang_id, first_name, last_name, 
contact_name, phone, gender, student_status, birth_date) VALUES
('1', 'Олег', 'Маршалко', 'мама Олена', '0671111111', 'ХЛОПЕЦЬ', 'УЧЕНЬ', '01.01.2011'),
('1', 'Іван', 'Пилипчак', 'мама Олена', '0671111111', 'ХЛОПЕЦЬ', 'УЧЕНЬ', '01.01.2011'),
('1', 'Дмитро', 'Богуславець', 'мама Олена', '0671111111', 'ХЛОПЕЦЬ', 'УЧЕНЬ', '01.01.2011'),
('2', 'Олена', 'Бивень', 'мама Олена', '0671111111', 'ДІВЧИНА', 'УЧЕНЬ', '01.01.2011'),
('2', 'Оксана', 'Куличок', 'мама Олена', '0671111111', 'ДІВЧИНА', 'УЧЕНЬ', '01.01.2011'),
('2', 'Іванка', 'Зарічна', 'мама Олена', '0671111111', 'ДІВЧИНА', 'УЧЕНЬ', '01.01.2011'),
('3', 'Тарас', 'Швидкий', 'мама Олена', '0671111111', 'ХЛОПЕЦЬ', 'УЧЕНЬ', '01.01.2011'),
('3', 'Василь', 'Добрийдень', 'мама Олена', '0671111111', 'ХЛОПЕЦЬ', 'УЧЕНЬ', '01.01.2011'),
('3', 'Богдан', 'Добрийвечіп', 'мама Олена', '0671111111', 'ХЛОПЕЦЬ', 'УЧЕНЬ', '01.01.2011'),
('4', 'Марта', 'Зозуля', 'мама Олена', '0671111111', 'ДІВЧИНА', 'УЧЕНЬ', '01.01.2011'),
('4', 'Ірина', 'Шпак', 'мама Олена', '0671111111', 'ДІВЧИНА', 'УЧЕНЬ', '01.01.2011'),
('4', 'Христина', 'Соловій', 'мама Олена', '0671111111', 'ДІВЧИНА', 'УЧЕНЬ', '01.01.2011');




